date,Tokino Sora,Usada Pekora,Shiranui Flare,Houshyou Marine,Shirarogane Noel,Kiryu Coco
2017-12-12,0,,,,,
2017-12-31,24000,,,,,
2018-01-31,75000,,,,,
2018-03-28,98000,,,,,
2018-03-03,100000,,,,,
2018-03-31,121000,,,,,
2018-04-20,134000,,,,,
2018-05-31,147000,,,,,
2018-06-30,156000,,,,,
2018-07-31,166000,,,,,
2018-08-31,179000,,,,,
2018-09-30,188000,,,,,
2018-10-31,195000,,,,,
2018-11-26,200000,,,,,
2018-11-30,200000,,,,,
2018-12-31,206000,,,,,
2019-01-31,216000,,,,,
2019-02-28,219000,,,,,
2019-03-30,224000,,,,,
2019-04-30,228000,,,,,
2019-05-31,233000,,,,,
2019-06-30,235000,,,,,
2019-07-17,,0,,,,
2019-07-31,238000,16100,,,,
2019-08-31,240000,28500,19700,25000,39000,
2019-09-30,243000,40700,25500,35100,59200,
2019-10-31,245000,56900,33000,64100,78300,
2019-11-17,,,,,100000,
2019-11-30,250000,76300,43100,99300,123000,
2019-12-02,,,,100000,,
2019-12-28,,100000,,,,0
2019-12-31,262000,106000,58100,129000,157000,56700
2020-01-11,,,,,,100000
2020-01-31,272000,145000,76400,163000,187000,158000
2020-02-10,,,,,200000,
2020-02-15,,,,,,200000
2020-02-23,,,,200000,,
2020-02-29,284000,187000,92700,209000,216000,227000
2020-03-11,,200000,,,,
2020-03-13,,,100000,,,
2020-03-30,300000,,,,,
2020-03-31,301000,228000,112000,252000,240000,272000
2020-04-29,,,,,,300000
2020-04-28,,,,300000,,
2020-04-30,319000,291000,137000,305000,281000,327000
2020-05-04,,300000,,,,
2020-05-07,324000,309000,141000,318000,289000,335000
2020-05-17,,,,,300000,
2020-05-31,347000,370000,161000,363000,317000,373000
2020-06-13,,400000,,,,
2020-06-15,,,,,,400000
2020-06-18,,,,400000,,
2020-06-30,372000,444000,199000,419000,360000,437000
2020-07-02,,,200000,,,
2020-07-18,390000,489000,214000,452000,389000,469000
2020-07-19,391000,492000,214000,454000,390000,471000
2020-07-20,392000,494000,216000,456000,393000,473000
2020-07-21,392000,497000,216000,458000,394000,474000
2020-07-22,393000,500000,217000,460000,396000,476000
2020-07-23,394000,504000,218000,463000,399000,477000
2020-07-24,395000,508000,219000,465000,400000,480000
2020-07-25,396000,511000,221000,468000,404000,482000
2020-07-26,397000,515000,222000,471000,406000,484000
2020-07-27,398000,518000,223000,473000,409000,486000
2020-07-28,399000,521000,224000,475000,412000,488000
2020-07-29,400000,524000,225000,478000,417000,490000
2020-07-30,402000,527000,226000,483000,420000,492000
2020-07-31,403000,530000,227000,487000,421000,493000
2020-08-01,403000,533000,228000,489000,422000,495000
2020-08-02,404000,536000,229000,492000,424000,498000
2020-08-03,405000,539000,230000,495000,427000,500000
2020-08-04,406000,542000,231000,497000,429000,505000
2020-08-05,407000,545000,232000,504000,431000,507000
2020-08-06,408000,547000,234000,506000,433000,510000
2020-08-07,409000,551000,236000,508000,434000,512000
2020-08-08,410000,554000,237000,510000,438000,515000
2020-08-09,411000,556000,238000,512000,440000,518000
2020-08-10,412000,559000,239000,514000,441000,520000
2020-08-11,414000,563000,241000,517000,444000,523000
2020-08-12,416000,567000,243000,520000,446000,527000
2020-08-13,417000,571000,248000,524000,449000,529000
2020-08-14,419000,574000,252000,526000,453000,532000
2020-08-15,420000,579000,253000,529000,455000,534000
2020-08-16,421000,582000,254000,533000,456000,537000
2020-08-17,423000,587000,257000,536000,459000,541000
2020-08-18,424000,589000,259000,538000,462000,545000
2020-08-19,425000,594000,260000,541000,464000,547000
2020-08-20,426000,597000,261000,543000,466000,548000
2020-08-21,427000,602000,262000,548000,468000,551000
2020-08-22,428000,605000,263000,550000,471000,554000
2020-08-23,429000,608000,264000,553000,472000,556000
2020-08-24,430000,613000,265000,556000,474000,561000
2020-08-25,431000,616000,266000,559000,477000,565000
2020-08-26,432000,619000,267000,562000,479000,567000
2020-08-27,433000,622000,268000,564000,481000,570000
2020-08-28,434000,626000,269000,566000,483000,572000
2020-08-29,435000,629000,270000,568000,484000,574000
2020-08-30,436000,632000,271000,571000,486000,577000
2020-08-31,437000,636000,272000,573000,488000,579000
2020-09-01,438000,640000,273000,576000,489000,582000
2020-09-02,440000,642000,274000,579000,491000,583000
2020-09-03,440000,645000,275000,582000,493000,585000
2020-09-04,441000,648000,276000,584000,494000,588000
2020-09-05,442000,650000,277000,586000,496000,590000
2020-09-06,443000,654000,278000,589000,498000,594000
2020-09-07,447000,657000,279000,591000,502000,596000
2020-09-08,449000,660000,280000,593000,504000,598000
2020-09-09,450000,663000,281000,595000,505000,601000
2020-09-10,452000,665000,282000,597000,507000,604000
2020-09-11,453000,668000,283000,601000,508000,606000
2020-09-12,455000,672000,284000,604000,509000,610000
2020-09-13,456000,676000,285000,606000,511000,615000
2020-09-14,457000,680000,286000,608000,513000,617000
2020-09-15,458000,684000,287000,611000,514000,619000
2020-09-16,459000,687000,288000,613000,515000,621000
2020-09-17,460000,690000,290000,616000,517000,624000
2020-09-18,462000,693000,291000,618000,518000,626000
2020-09-19,463000,695000,292000,620000,520000,630000
2020-09-20,463000,699000,293000,623000,522000,634000
2020-09-21,465000,705000,295000,625000,524000,638000
2020-09-22,466000,708000,298000,627000,525000,640000
2020-09-23,467000,711000,302000,629000,527000,644000
2020-09-24,467000,714000,304000,631000,529000,646000
2020-09-25,468000,717000,305000,633000,530000,649000
2020-09-26,469000,719000,306000,635000,532000,651000
2020-09-27,469000,723000,308000,636000,533000,652000
2020-09-28,469000,721000,307000,634000,532000,656000
2020-09-29,469000,721000,307000,635000,532000,660000
2020-09-30,469000,722000,307000,635000,533000,662000
2020-10-01,470000,725000,308000,638000,535000,667000
2020-10-02,470000,728000,308000,641000,536000,669000
2020-10-03,471000,731000,309000,643000,539000,674000
2020-10-04,472000,734000,310000,645000,542000,677000
2020-10-05,472000,738000,312000,650000,543000,679000
2020-10-06,473000,741000,313000,653000,545000,681000
2020-10-07,474000,744000,313000,656000,547000,683000
2020-10-08,475000,747000,314000,658000,549000,685000
2020-10-09,475000,750000,316000,660000,551000,686000
2020-10-10,476000,754000,316000,663000,553000,688000
2020-10-11,478000,758000,318000,665000,555000,689000
2020-10-12,479000,761000,319000,667000,557000,691000
2020-10-13,480000,764000,320000,670000,559000,693000
2020-10-14,481000,768000,322000,672000,561000,694000
2020-10-15,483000,773000,323000,674000,564000,696000
2020-10-16,484000,778000,324000,676000,566000,697000
2020-10-17,487000,781000,325000,679000,567000,699000
2020-10-18,488000,785000,326000,692000,570000,701000
2020-10-19,489000,787000,327000,702000,571000,725000
2020-10-20,490000,792000,327000,706000,572000,732000
2020-10-21,491000,796000,328000,710000,580000,736000
2020-10-22,492000,802000,330000,713000,585000,739000
2020-10-23,493000,806000,331000,716000,587000,743000
2020-10-24,497000,810000,332000,718000,592000,749000
2020-10-25,498000,814000,334000,721000,601000,753000
2020-10-26,500000,818000,337000,724000,604000,755000
2020-10-27,502000,824000,339000,727000,609000,758000
2020-10-28,503000,828000,340000,730000,611000,760000
2020-10-29,504000,831000,341000,732000,614000,761000
2020-10-30,505000,836000,343000,734000,616000,763000
2020-10-31,507000,841000,344000,738000,618000,764000
2020-11-01,509000,845000,346000,740000,621000,766000
2020-11-02,510000,850000,347000,742000,623000,768000
2020-11-03,511000,857000,348000,745000,626000,770000
2020-11-04,512000,862000,351000,748000,628000,772000
2020-11-05,513000,866000,352000,750000,630000,773000
2020-11-06,514000,871000,354000,753000,631000,775000
2020-11-07,516000,876000,355000,756000,633000,779000
2020-11-08,517000,882000,356000,758000,635000,780000
2020-11-09,518000,887000,359000,761000,637000,782000
2020-11-10,520000,891000,360000,764000,639000,784000
2020-11-11,521000,896000,362000,767000,640000,785000
2020-11-12,523000,903000,363000,769000,643000,787000
2020-11-13,524000,907000,364000,771000,644000,788000
2020-11-14,525000,911000,368000,774000,645000,789000
2020-11-15,526000,915000,370000,778000,647000,791000
2020-11-16,527000,920000,372000,780000,648000,793000
2020-11-17,529000,924000,373000,783000,650000,795000
2020-11-18,530000,928000,375000,786000,652000,800000
2020-11-19,531000,932000,376000,788000,653000,802000
2020-11-20,532000,934000,377000,790000,657000,803000
2020-11-21,534000,940000,378000,793000,661000,805000
2020-11-22,536000,944000,380000,795000,664000,807000
2020-11-23,537000,947000,381000,803000,667000,808000
2020-11-24,538000,951000,382000,806000,673000,809000
2020-11-25,540000,954000,384000,809000,675000,811000
2020-11-26,541000,959000,386000,812000,678000,812000
2020-11-27,542000,963000,387000,814000,681000,814000
2020-11-28,543000,967000,388000,816000,682000,816000
2020-11-29,545000,970000,389000,820000,685000,817000
2020-11-30,546000,974000,390000,823000,686000,819000
2020-12-01,548000,983000,391000,825000,688000,820000
2020-12-02,549000,988000,393000,828000,690000,821000
2020-12-03,551000,993000,394000,831000,692000,823000
2020-12-04,552000,1000000,400000,833000,694000,824000
2020-12-05,554000,1010000,401000,836000,701000,826000
2020-12-06,556000,1010000,402000,840000,704000,827000
2020-12-07,557000,1020000,404000,844000,707000,829000
2020-12-08,559000,1020000,405000,848000,710000,830000
2020-12-09,560000,1030000,406000,850000,712000,832000
2020-12-10,563000,1030000,407000,852000,713000,833000
2020-12-11,565000,1030000,408000,854000,716000,834000
2020-12-12,566000,1030000,410000,857000,717000,835000
2020-12-13,567000,1040000,411000,860000,719000,837000
2020-12-14,569000,1050000,413000,864000,720000,843000
2020-12-15,570000,1050000,414000,867000,722000,848000
2020-12-16,571000,1060000,415000,870000,724000,850000
2020-12-17,572000,1060000,416000,872000,726000,852000
2020-12-18,573000,1060000,417000,873000,728000,853000
2020-12-19,574000,1070000,418000,875000,729000,855000
2020-12-20,576000,1070000,420000,877000,731000,857000
2020-12-21,577000,1070000,420000,881000,733000,858000
2020-12-22,578000,1080000,421000,883000,735000,860000
2020-12-23,580000,1080000,423000,886000,736000,862000
2020-12-24,581000,1080000,424000,889000,738000,864000
2020-12-25,584000,1090000,427000,891000,740000,865000
2020-12-26,585000,1090000,428000,894000,742000,867000
2020-12-27,586000,1090000,430000,896000,744000,869000
2020-12-28,587000,1100000,431000,905000,746000,871000
2020-12-29,588000,1100000,433000,908000,747000,872000
2020-12-30,590000,1100000,434000,911000,749000,873000
2020-12-31,591000,1110000,436000,914000,751000,875000
2021-01-01,592000,1110000,437000,917000,753000,878000
2021-01-02,594000,1110000,438000,920000,756000,880000
2021-01-03,596000,1120000,440000,925000,758000,882000
2021-01-04,597000,1120000,441000,928000,761000,885000
2021-01-05,600000,1130000,442000,933000,763000,887000
2021-01-06,601000,1130000,444000,937000,766000,888000
2021-01-07,603000,1130000,445000,941000,768000,890000
2021-01-08,604000,1140000,450000,946000,770000,893000
2021-01-09,606000,1140000,451000,955000,772000,894000
2021-01-10,608000,1140000,453000,960000,775000,898000
2021-01-11,610000,1150000,455000,965000,777000,903000
2021-01-12,612000,1150000,456000,969000,779000,907000
2021-01-13,614000,1160000,458000,976000,781000,910000
2021-01-14,616000,1160000,459000,980000,784000,914000
2021-01-15,617000,1170000,461000,984000,785000,918000
2021-01-16,619000,1170000,462000,989000,787000,925000
2021-01-17,621000,1170000,464000,994000,789000,933000
2021-01-18,622000,1180000,465000,1000000,790000,936000
2021-01-19,623000,1180000,467000,1010000,793000,941000
2021-01-20,625000,1180000,468000,1020000,795000,943000
2021-01-21,626000,1190000,470000,1020000,801000,946000
2021-01-22,627000,1190000,471000,1020000,803000,948000
2021-01-23,629000,1190000,473000,1030000,804000,950000
2021-01-24,630000,1190000,475000,1030000,806000,953000
2021-01-25,631000,1200000,477000,1030000,809000,955000
2021-01-26,632000,1200000,479000,1040000,812000,957000
2021-01-27,633000,1200000,480000,1040000,814000,959000
2021-01-28,635000,1210000,481000,1040000,818000,960000
2021-01-29,636000,1210000,483000,1040000,819000,961000
2021-01-30,637000,1220000,484000,1050000,823000,963000
2021-01-31,639000,1220000,485000,1050000,826000,966000
2021-02-01,640000,1220000,487000,1050000,828000,967000
2021-02-02,641000,1220000,488000,1050000,831000,969000
2021-02-03,642000,1230000,489000,1060000,832000,971000
2021-02-04,642000,1230000,490000,1060000,834000,971000
2021-02-05,644000,1230000,491000,1060000,835000,973000
2021-02-06,645000,1230000,492000,1070000,837000,974000
2021-02-07,646000,1230000,501000,1070000,840000,977000
2021-02-08,647000,1240000,503000,1070000,842000,978000
2021-02-09,648000,1240000,505000,1070000,844000,979000
2021-02-10,650000,1240000,506000,1080000,846000,980000
2021-02-11,651000,1240000,507000,1080000,850000,981000
2021-02-12,652000,1250000,508000,1080000,852000,985000
2021-02-13,653000,1250000,509000,1090000,854000,989000
2021-02-14,654000,1250000,511000,1090000,857000,992000
2021-02-15,656000,1250000,512000,1100000,859000,995000
2021-02-16,657000,1260000,513000,1100000,862000,998000
2021-02-17,658000,1260000,514000,1100000,864000,1000000
2021-02-18,661000,1260000,515000,1100000,867000,1000000
2021-02-19,663000,1260000,515000,1110000,868000,1000000
2021-02-20,665000,1270000,517000,1110000,871000,1000000
2021-02-21,667000,1270000,518000,1110000,873000,1000000
2021-02-22,668000,1270000,519000,1110000,875000,1010000
2021-02-23,670000,1270000,521000,1120000,877000,1010000
2021-02-24,671000,1270000,522000,1120000,878000,1010000
2021-02-25,672000,1280000,523000,1130000,880000,1010000
2021-02-26,673000,1280000,524000,1130000,881000,1010000
2021-02-27,674000,1280000,525000,1130000,883000,1010000
2021-02-28,675000,1280000,526000,1130000,885000,1010000
2021-03-01,677000,1290000,528000,1130000,887000,1010000
2021-03-02,678000,1290000,529000,1140000,889000,1020000
2021-03-03,682000,1290000,530000,1140000,891000,1020000
2021-03-04,685000,1290000,531000,1140000,892000,1020000
2021-03-05,686000,1290000,532000,1140000,895000,1020000
2021-03-06,688000,1300000,534000,1150000,901000,1020000
2021-03-07,689000,1300000,535000,1150000,903000,1020000
2021-03-08,690000,1300000,536000,1150000,905000,1020000
2021-03-09,691000,1300000,537000,1150000,909000,1020000
2021-03-10,692000,1300000,538000,1150000,913000,1020000
2021-03-11,692000,1300000,540000,1160000,916000,1020000
2021-03-12,693000,1310000,542000,1160000,920000,1020000
2021-03-13,694000,1310000,544000,1160000,922000,1020000
2021-03-14,695000,1310000,545000,1160000,925000,1030000
2021-03-15,696000,1310000,551000,1170000,928000,1030000
2021-03-16,697000,1310000,552000,1170000,930000,1030000
2021-03-17,698000,1320000,553000,1170000,932000,1030000
2021-03-18,700000,1320000,554000,1180000,934000,1030000
2021-03-19,701000,1320000,555000,1180000,937000,1030000
2021-03-20,701000,1320000,556000,1180000,938000,1030000
2021-03-21,702000,1330000,557000,1180000,940000,1030000
2021-03-22,703000,1330000,557000,1190000,944000,1030000
2021-03-23,704000,1330000,558000,1190000,946000,1040000
2021-03-24,705000,1330000,560000,1190000,948000,1040000
2021-03-25,705000,1340000,560000,1200000,952000,1040000
2021-03-26,706000,1340000,561000,1200000,954000,1040000
2021-03-27,707000,1340000,562000,1200000,956000,1040000
2021-03-28,708000,1340000,563000,1200000,959000,1040000
2021-03-29,709000,1350000,564000,1200000,962000,1040000
2021-03-30,710000,1350000,565000,1210000,964000,1040000
2021-03-31,710000,1350000,565000,1210000,967000,1040000
2021-04-01,711000,1350000,566000,1210000,969000,1040000
2021-04-02,712000,1360000,569000,1210000,971000,1050000
2021-04-03,713000,1360000,570000,1210000,975000,1050000
2021-04-04,714000,1360000,571000,1210000,977000,1050000
2021-04-05,715000,1360000,572000,1220000,980000,1050000
2021-04-06,716000,1370000,574000,1220000,983000,1050000
2021-04-07,717000,1370000,575000,1220000,986000,1050000
2021-04-08,717000,1370000,576000,1220000,987000,1050000
2021-04-09,717000,1370000,576000,1220000,989000,1050000
2021-04-10,718000,1370000,577000,1220000,990000,1060000
2021-04-11,718000,1370000,577000,1220000,993000,1060000
2021-04-12,719000,1370000,578000,1220000,1000000,1060000
2021-04-13,720000,1380000,580000,1230000,1000000,1060000
2021-04-14,721000,1380000,581000,1230000,1000000,1060000
2021-04-15,722000,1380000,583000,1230000,1010000,1060000
2021-04-16,723000,1380000,584000,1230000,1010000,1060000
2021-04-17,724000,1390000,585000,1230000,1010000,1060000
2021-04-18,725000,1390000,587000,1240000,1010000,1060000
2021-04-19,725000,1390000,587000,1240000,1020000,1070000
2021-04-20,726000,1390000,588000,1240000,1020000,1070000
2021-04-21,727000,1390000,589000,1240000,1020000,1070000
2021-04-22,728000,1400000,590000,1240000,1020000,1070000
2021-04-23,728000,1400000,591000,1250000,1020000,1070000
2021-04-24,729000,1400000,592000,1250000,1020000,1070000
2021-04-25,730000,1400000,600000,1250000,1030000,1080000
2021-04-26,731000,1410000,600000,1250000,1030000,1080000
2021-04-27,731000,1410000,601000,1250000,1030000,1080000
2021-04-28,732000,1410000,604000,1260000,1040000,1080000
2021-04-29,734000,1420000,605000,1260000,1040000,1090000
2021-04-30,735000,1420000,606000,1260000,1040000,1100000
2021-05-01,736000,1420000,606000,1270000,1050000,1100000
2021-05-02,736000,1420000,608000,1270000,1050000,1100000
2021-05-03,737000,1430000,609000,1270000,1050000,1100000
2021-05-04,738000,1430000,610000,1270000,1050000,1100000
2021-05-05,739000,1430000,612000,1280000,1050000,1110000
2021-05-06,740000,1430000,613000,1280000,1060000,1110000
2021-05-07,740000,1440000,614000,1280000,1060000,1110000
2021-05-08,741000,1440000,615000,1280000,1060000,1110000
2021-05-09,742000,1440000,616000,1280000,1060000,1110000
2021-05-10,743000,1440000,617000,1290000,1060000,1110000
2021-05-11,745000,1450000,618000,1290000,1070000,1110000
2021-05-12,746000,1450000,619000,1290000,1070000,1120000
2021-05-13,746000,1450000,620000,1290000,1070000,1120000
2021-05-14,747000,1450000,621000,1290000,1070000,1120000
2021-05-15,750000,1450000,621000,1290000,1070000,1120000
2021-05-16,751000,1460000,623000,1300000,1070000,1120000
2021-05-17,752000,1460000,623000,1300000,1070000,1120000
2021-05-18,753000,1460000,624000,1300000,1080000,1120000
2021-05-19,753000,1460000,625000,1300000,1080000,1130000
2021-05-20,754000,1460000,626000,1300000,1080000,1130000
2021-05-21,755000,1470000,627000,1310000,1080000,1130000
2021-05-22,756000,1470000,628000,1310000,1080000,1130000
2021-05-23,757000,1470000,629000,1310000,1090000,1140000
2021-05-24,758000,1470000,630000,1310000,1090000,1140000
2021-05-25,759000,1480000,631000,1310000,1090000,1140000
2021-05-26,760000,1480000,633000,1320000,1090000,1140000
2021-05-27,762000,1480000,634000,1320000,1100000,1140000
2021-05-28,763000,1480000,635000,1320000,1100000,1150000
2021-05-29,764000,1490000,637000,1330000,1100000,1150000
2021-05-30,765000,1490000,639000,1330000,1100000,1150000
2021-05-31,766000,1490000,641000,1330000,1100000,1150000
2021-06-01,767000,1490000,642000,1330000,1110000,1150000
2021-06-02,767000,1500000,643000,1330000,1110000,1150000
2021-06-03,768000,1500000,646000,1340000,1110000,1160000
2021-06-04,769000,1500000,650000,1340000,1110000,1160000
2021-06-05,770000,1500000,652000,1340000,1110000,1160000
2021-06-06,771000,1510000,653000,1340000,1110000,1160000
2021-06-07,771000,1510000,655000,1350000,1120000,1160000
2021-06-08,772000,1510000,656000,1350000,1120000,1170000
2021-06-09,772000,1510000,656000,1350000,1120000,1210000
2021-06-10,773000,1510000,657000,1350000,1120000,1230000
2021-06-11,773000,1520000,658000,1350000,1120000,1240000
2021-06-12,774000,1520000,659000,1360000,1120000,1250000
2021-06-13,774000,1520000,660000,1360000,1120000,1250000
2021-06-14,775000,1520000,661000,1360000,1130000,1260000
2021-06-15,776000,1520000,662000,1360000,1130000,1260000
2021-06-16,777000,1530000,663000,1370000,1130000,1260000
2021-06-17,778000,1530000,663000,1370000,1130000,1270000
2021-06-18,778000,1530000,664000,1370000,1130000,1270000
2021-06-19,779000,1530000,666000,1370000,1130000,1270000
2021-06-20,780000,1530000,667000,1380000,1140000,1270000
2021-06-21,781000,1540000,668000,1380000,1140000,1270000
2021-06-22,782000,1540000,669000,1380000,1140000,1280000
2021-06-23,782000,1540000,670000,1380000,1140000,1280000
2021-06-24,783000,1540000,671000,1390000,1140000,1280000
2021-06-25,784000,1540000,672000,1390000,1150000,1280000
2021-06-26,784000,1540000,673000,1390000,1150000,1290000
2021-06-27,786000,1550000,674000,1390000,1150000,1290000
2021-06-28,786000,1550000,675000,1390000,1150000,1300000
2021-06-29,787000,1550000,676000,1400000,1160000,1310000
2021-06-30,788000,1550000,677000,1400000,1160000,1320000
2021-07-01,789000,1560000,679000,1400000,1160000,1370000
2021-07-02,791000,1560000,681000,1410000,1160000,1380000
2021-07-03,790000,1560000,682000,1410000,1160000,1390000
2021-07-04,792000,1570000,684000,1410000,1160000,1390000
2021-07-05,793000,1570000,685000,1420000,1160000,1390000
2021-07-06,794000,1570000,686000,1420000,1170000,1400000
2021-07-07,795000,1570000,687000,1420000,1170000,1400000
2021-07-08,797000,1570000,688000,1430000,1170000,1400000
2021-07-09,798000,1580000,689000,1440000,1170000,1400000
2021-07-10,799000,1580000,691000,1440000,1170000,1400000
2021-07-11,801000,1580000,697000,1440000,1180000,1400000
2021-07-12,802000,1580000,700000,1450000,1180000,1400000
2021-07-13,803000,1580000,701000,1450000,1180000,1400000
2021-07-14,804000,1590000,702000,1450000,1180000,1400000
2021-07-15,805000,1590000,703000,1460000,1190000,1400000
2021-07-16,806000,1600000,704000,1460000,1190000,1400000
2021-07-17,807000,1600000,704000,1460000,1190000,1400000
2021-07-18,808000,1600000,706000,1460000,1190000,1400000
2021-07-19,809000,1600000,706000,1460000,1190000,1410000
2021-07-20,810000,1610000,707000,1470000,1200000,1410000
2021-07-21,810000,1610000,709000,1470000,1200000,1410000
2021-07-22,812000,1610000,710000,1470000,1200000,1410000
2021-07-23,812000,1610000,711000,1470000,1200000,1410000
2021-07-24,813000,1610000,712000,1470000,1200000,1410000
2021-07-25,814000,1620000,713000,1480000,1210000,1410000
2021-07-26,815000,1620000,714000,1480000,1210000,1410000
2021-07-27,816000,1620000,715000,1480000,1210000,1410000
2021-07-28,816000,1620000,716000,1480000,1210000,1410000
2021-07-29,817000,1620000,717000,1490000,1210000,1410000
2021-07-30,818000,1620000,718000,1490000,1220000,1410000
2021-07-31,818000,1620000,719000,1500000,1220000,1410000
2021-08-01,820000,1630000,720000,1500000,1220000,1410000
2021-08-02,820000,1630000,721000,1500000,1220000,1410000
2021-08-03,821000,1630000,722000,1510000,1230000,1410000
2021-08-04,822000,1630000,723000,1510000,1230000,1410000
2021-08-05,822000,1630000,723000,1520000,1230000,1410000
2021-08-06,823000,1630000,724000,1520000,1230000,1410000
2021-08-07,824000,1640000,727000,1520000,1230000,1410000
2021-08-08,825000,1640000,728000,1530000,1230000,1410000
2021-08-09,826000,1640000,729000,1530000,1240000,1410000
2021-08-10,827000,1640000,731000,1530000,1240000,1410000
2021-08-11,827000,1640000,733000,1540000,1240000,1420000
2021-08-12,828000,1640000,734000,1540000,1240000,1420000
2021-08-13,829000,1650000,735000,1550000,1240000,1420000
2021-08-14,830000,1650000,736000,1550000,1250000,1420000
2021-08-15,830000,1650000,737000,1550000,1250000,1420000
2021-08-16,831000,1650000,739000,1550000,1250000,1420000
2021-08-17,832000,1650000,740000,1560000,1250000,1420000
2021-08-18,832000,1650000,741000,1560000,1250000,1420000
2021-08-19,833000,1660000,742000,1560000,1250000,1420000
2021-08-20,833000,1660000,743000,1560000,1260000,1420000
2021-08-21,834000,1660000,744000,1570000,1260000,1420000
2021-08-22,835000,1660000,748000,1570000,1260000,1420000
2021-08-23,836000,1660000,749000,1570000,1260000,1420000
2021-08-24,836000,1660000,749000,1570000,1260000,1420000
2021-08-25,837000,1670000,750000,1580000,1270000,1420000
2021-08-26,837000,1670000,751000,1580000,1270000,1420000
2021-08-27,838000,1670000,751000,1580000,1270000,1420000
2021-08-28,839000,1670000,752000,1580000,1270000,1420000
2021-08-29,839000,1670000,753000,1580000,1270000,1420000
2021-08-30,840000,1670000,754000,1590000,1270000,1420000
2021-08-31,840000,1670000,755000,1590000,1280000,1420000
2021-09-01,841000,1680000,756000,1590000,1280000,1420000
2021-09-02,841000,1680000,756000,1590000,1280000,1420000
2021-09-03,842000,1680000,757000,1600000,1280000,1420000
2021-09-04,842000,1680000,758000,1600000,1280000,1420000
2021-09-05,843000,1680000,759000,1600000,1290000,1420000
2021-09-06,843000,1680000,760000,1600000,1290000,1420000
2021-09-07,847000,1680000,760000,1600000,1290000,1420000
2021-09-08,848000,1690000,761000,1600000,1290000,1420000
2021-09-09,849000,1690000,761000,1610000,1290000,1420000
2021-09-10,849000,1690000,762000,1610000,1290000,1430000
2021-09-11,850000,1690000,763000,1610000,1290000,1430000
2021-09-12,851000,1690000,764000,1610000,1300000,1430000
2021-09-13,851000,1700000,764000,1610000,1300000,1430000
2021-09-14,851000,1700000,765000,1620000,1300000,1430000
2021-09-15,852000,1700000,765000,1620000,1300000,1430000
2021-09-16,852000,1700000,766000,1620000,1300000,1430000
2021-09-17,852000,1700000,766000,1620000,1300000,1430000
2021-09-18,853000,1700000,767000,1620000,1300000,1430000
2021-09-19,854000,1700000,768000,1630000,1300000,1430000
2021-09-20,855000,1710000,769000,1630000,1300000,1430000
2021-09-21,856000,1710000,769000,1630000,1300000,1430000
2021-09-22,856000,1710000,770000,1630000,1300000,1430000
2021-09-23,857000,1710000,771000,1630000,1310000,1430000
2021-09-24,857000,1710000,771000,1630000,1310000,1430000
2021-09-25,858000,1710000,772000,1640000,1310000,1430000
2021-09-26,858000,1710000,773000,1640000,1310000,1430000
2021-09-27,858000,1710000,773000,1640000,1310000,1430000
2021-09-28,859000,1720000,774000,1640000,1310000,1430000
2021-09-29,859000,1720000,774000,1640000,1310000,1430000
2021-09-30,860000,1720000,775000,1640000,1310000,1430000
2021-10-01,860000,1720000,775000,1640000,1310000,1440000
2021-10-02,860000,1720000,776000,1640000,1310000,1440000
2021-10-03,861000,1720000,777000,1650000,1320000,1440000
2021-10-04,861000,1720000,777000,1650000,1320000,1440000
2021-10-05,862000,1730000,778000,1650000,1320000,1440000
2021-10-06,862000,1730000,779000,1650000,1320000,1440000
2021-10-07,863000,1730000,779000,1650000,1320000,1440000
2021-10-08,864000,1730000,780000,1650000,1320000,1440000
2021-10-09,865000,1730000,780000,1650000,1320000,1440000
2021-10-10,865000,1730000,781000,1650000,1320000,1440000
2021-10-11,866000,1730000,781000,1650000,1330000,1440000
2021-10-12,867000,1730000,782000,1650000,1330000,1440000
2021-10-13,868000,1740000,783000,1650000,1330000,1440000
2021-10-14,868000,1740000,784000,1660000,1330000,1440000
2021-10-15,868000,1740000,784000,1660000,1330000,1440000
2021-10-16,869000,1740000,785000,1660000,1330000,1440000
2021-10-17,869000,1740000,785000,1660000,1330000,1440000
2021-10-18,870000,1740000,786000,1660000,1330000,1440000
2021-10-19,870000,1740000,786000,1660000,1330000,1440000
2021-10-20,871000,1740000,787000,1660000,1330000,1440000
2021-10-21,872000,1740000,788000,1660000,1330000,1440000
2021-10-22,872000,1740000,788000,1660000,1330000,1440000
2021-10-23,873000,1750000,789000,1660000,1330000,1440000
2021-10-24,874000,1750000,789000,1660000,1330000,1440000
2021-10-25,874000,1750000,790000,1660000,1330000,1440000
2021-10-26,875000,1750000,790000,1660000,1340000,1440000
2021-10-27,876000,1750000,790000,1660000,1340000,1440000
2021-10-28,876000,1750000,791000,1670000,1340000,1440000
2021-10-29,877000,1750000,791000,1670000,1340000,1440000
2021-10-30,877000,1750000,792000,1670000,1340000,1440000
2021-10-31,877000,1750000,792000,1670000,1340000,1440000
2021-11-01,877000,1760000,792000,1670000,1340000,1440000
2021-11-02,878000,1760000,792000,1670000,1340000,1440000
2021-11-03,878000,1760000,793000,1680000,1340000,1440000
2021-11-04,879000,1760000,793000,1680000,1340000,1440000
2021-11-05,879000,1760000,794000,1680000,1340000,1440000
2021-11-06,880000,1760000,794000,1680000,1340000,1440000
2021-11-07,880000,1760000,795000,1680000,1340000,1440000
2021-11-08,880000,1760000,795000,1680000,1340000,1440000
2021-11-09,881000,1760000,796000,1680000,1340000,1440000
2021-11-10,881000,1770000,796000,1680000,1340000,1440000
2021-11-11,882000,1770000,798000,1690000,1350000,1440000
2021-11-12,882000,1770000,800000,1690000,1350000,1440000
2021-11-13,883000,1770000,800000,1690000,1350000,1440000
2021-11-14,883000,1770000,801000,1690000,1350000,1440000
2021-11-15,884000,1770000,802000,1690000,1350000,1440000
2021-11-16,884000,1770000,802000,1700000,1350000,1440000
2021-11-17,885000,1780000,803000,1700000,1350000,1440000
2021-11-18,885000,1780000,803000,1700000,1350000,1440000
2021-11-19,885000,1780000,803000,1700000,1350000,1440000
2021-11-20,886000,1780000,804000,1700000,1350000,1440000
2021-11-21,886000,1780000,805000,1700000,1350000,1440000
2021-11-22,886000,1780000,805000,1700000,1350000,1440000
2021-11-23,887000,1790000,808000,1710000,1350000,1440000
2021-11-24,887000,1790000,808000,1710000,1360000,1440000
2021-11-25,888000,1790000,809000,1710000,1360000,1440000
2021-11-26,889000,1790000,810000,1710000,1360000,1440000
2021-11-27,892000,1790000,812000,1710000,1360000,1440000
2021-11-28,893000,1790000,813000,1720000,1360000,1440000
2021-11-29,893000,1790000,813000,1720000,1360000,1440000
2021-11-30,893000,1790000,813000,1720000,1360000,1440000
2021-12-01,893000,1790000,814000,1720000,1360000,1440000
2021-12-02,895000,1800000,814000,1720000,1360000,1440000
2021-12-03,896000,1800000,815000,1720000,1360000,1440000
2021-12-04,897000,1800000,817000,1720000,1360000,1440000
2021-12-05,899000,1800000,818000,1730000,1370000,1440000
2021-12-06,900000,1800000,818000,1730000,1370000,1440000
2021-12-07,901000,1800000,820000,1730000,1370000,1440000
2021-12-08,902000,1800000,820000,1730000,1370000,1440000
2021-12-09,903000,1800000,822000,1730000,1370000,1440000
2021-12-10,903000,1800000,822000,1730000,1370000,1440000
2021-12-11,904000,1810000,823000,1740000,1370000,1440000
2021-12-12,905000,1810000,826000,1740000,1370000,1440000
2021-12-13,906000,1810000,827000,1740000,1380000,1440000
2021-12-14,906000,1810000,827000,1740000,1380000,1440000
2021-12-15,907000,1810000,828000,1740000,1380000,1440000
2021-12-16,908000,1810000,829000,1740000,1380000,1440000
2021-12-17,908000,1810000,829000,1740000,1380000,1440000
2021-12-18,909000,1810000,830000,1750000,1380000,1440000
2021-12-19,909000,1820000,830000,1750000,1380000,1440000
2021-12-20,909000,1820000,830000,1750000,1380000,1440000
2021-12-21,910000,1820000,831000,1750000,1380000,1440000
2021-12-22,910000,1820000,832000,1750000,1380000,1440000
2021-12-23,911000,1820000,832000,1750000,1380000,1440000
2021-12-24,911000,1820000,833000,1750000,1380000,1440000
2021-12-25,912000,1820000,834000,1760000,1390000,1440000
2021-12-26,912000,1820000,834000,1760000,1390000,1440000
2021-12-27,913000,1820000,835000,1760000,1390000,1440000
2021-12-28,913000,1820000,835000,1760000,1390000,1440000
2021-12-29,914000,1830000,836000,1760000,1390000,1440000
2021-12-30,914000,1830000,836000,1760000,1390000,1440000
2021-12-31,915000,1830000,836000,1770000,1390000,1440000
2022-01-01,916000,1830000,837000,1770000,1390000,1440000
2022-01-02,916000,1830000,837000,1770000,1390000,1440000
2022-01-03,917000,1830000,838000,1770000,1390000,1440000
2022-01-04,918000,1830000,839000,1780000,1390000,1440000
2022-01-05,918000,1830000,839000,1780000,1390000,1440000
2022-01-06,919000,1830000,840000,1780000,1400000,1440000
2022-01-07,919000,1830000,840000,1780000,1400000,1440000
2022-01-08,920000,1830000,840000,1790000,1400000,1440000
2022-01-09,920000,1840000,841000,1790000,1400000,1440000
2022-01-10,921000,1840000,841000,1790000,1400000,1440000
2022-01-11,922000,1840000,842000,1790000,1400000,1440000
2022-01-12,922000,1840000,842000,1790000,1400000,1440000
2022-01-13,923000,1840000,843000,1790000,1400000,1440000
2022-01-14,923000,1840000,843000,1790000,1400000,1450000
2022-01-15,924000,1840000,844000,1800000,1400000,1450000
2022-01-16,924000,1840000,844000,1800000,1400000,1450000
2022-01-17,925000,1840000,844000,1800000,1400000,1450000
2022-01-18,926000,1840000,845000,1800000,1400000,1450000
2022-01-19,926000,1840000,845000,1800000,1400000,1450000
2022-01-20,927000,1840000,846000,1800000,1400000,1450000
2022-01-21,927000,1850000,846000,1800000,1410000,1450000
2022-01-22,927000,1850000,847000,1810000,1410000,1450000
2022-01-23,928000,1850000,847000,1810000,1410000,1450000
2022-01-24,929000,1850000,848000,1810000,1410000,1450000
2022-01-25,929000,1850000,848000,1810000,1410000,1450000
2022-01-26,930000,1850000,849000,1810000,1410000,1450000
2022-01-27,930000,1850000,849000,1810000,1410000,1450000
2022-01-28,930000,1850000,849000,1810000,1410000,1450000
2022-01-29,930000,1850000,849000,1810000,1410000,1450000
2022-01-30,931000,1850000,850000,1810000,1410000,1450000
2022-01-31,931000,1850000,850000,1810000,1410000,1450000
2022-02-01,932000,1850000,850000,1810000,1410000,1450000
2022-02-02,932000,1850000,850000,1810000,1410000,1450000
2022-02-03,932000,1850000,851000,1820000,1410000,1450000
2022-02-04,933000,1850000,851000,1820000,1410000,1450000
2022-02-05,933000,1850000,851000,1820000,1410000,1450000
2022-02-06,933000,1850000,852000,1820000,1410000,1450000
2022-02-07,933000,1850000,852000,1820000,1420000,1450000
2022-02-08,934000,1860000,853000,1820000,1420000,1450000
2022-02-09,934000,1860000,854000,1820000,1420000,1450000
2022-02-10,934000,1860000,854000,1820000,1420000,1450000
2022-02-11,935000,1860000,854000,1820000,1420000,1450000
2022-02-12,935000,1860000,854000,1820000,1420000,1450000
2022-02-13,935000,1860000,855000,1820000,1420000,1450000
2022-02-14,936000,1860000,855000,1820000,1420000,1450000
2022-02-15,936000,1860000,856000,1830000,1420000,1450000
2022-02-16,936000,1860000,856000,1830000,1420000,1450000
2022-02-17,937000,1860000,856000,1830000,1420000,1450000
2022-02-18,937000,1860000,857000,1830000,1420000,1450000
2022-02-19,937000,1860000,857000,1830000,1420000,1450000
2022-02-20,938000,1860000,859000,1830000,1420000,1450000
2022-02-21,938000,1860000,860000,1830000,1420000,1450000
2022-02-22,938000,1860000,860000,1830000,1420000,1450000
2022-02-23,939000,1860000,860000,1830000,1420000,1450000
2022-02-24,939000,1870000,861000,1830000,1430000,1450000
2022-02-25,940000,1880000,862000,1830000,1430000,1450000
2022-02-26,939000,1880000,862000,1830000,1430000,1450000
2022-02-27,939000,1880000,862000,1840000,1430000,1450000
2022-02-28,940000,1880000,863000,1840000,1430000,1450000
2022-03-01,940000,1880000,863000,1840000,1430000,1450000
2022-03-02,940000,1880000,863000,1840000,1430000,1450000
2022-03-03,941000,1880000,864000,1840000,1430000,1450000
2022-03-04,941000,1890000,864000,1840000,1440000,1450000
2022-03-05,941000,1890000,864000,1840000,1440000,1450000
2022-03-06,942000,1890000,865000,1840000,1440000,1450000
2022-03-07,942000,1890000,865000,1840000,1440000,1450000
2022-03-08,943000,1890000,865000,1840000,1440000,1450000
2022-03-09,943000,1890000,866000,1840000,1440000,1450000
2022-03-10,943000,1890000,866000,1840000,1440000,1440000
2022-03-11,943000,1890000,866000,1840000,1440000,1440000
2022-03-12,944000,1890000,866000,1850000,1440000,1440000
2022-03-13,944000,1890000,866000,1850000,1440000,1440000
2022-03-14,944000,1890000,867000,1850000,1450000,1440000
2022-03-15,944000,1890000,867000,1850000,1450000,1440000
2022-03-16,945000,1890000,867000,1850000,1450000,1440000
2022-03-17,945000,1890000,867000,1850000,1450000,1440000
2022-03-18,945000,1890000,867000,1850000,1450000,1440000
2022-03-19,945000,1890000,867000,1850000,1450000,1440000
2022-03-20,946000,1890000,868000,1850000,1450000,1440000
2022-03-21,947000,1900000,868000,1850000,1450000,1440000
2022-03-22,947000,1900000,868000,1850000,1450000,1440000
2022-03-23,947000,1900000,868000,1850000,1450000,1440000
2022-03-24,948000,1900000,869000,1860000,1450000,1440000
2022-03-25,949000,1900000,869000,1860000,1450000,1440000
2022-03-26,949000,1900000,869000,1860000,1450000,1440000
2022-03-27,949000,1900000,869000,1860000,1450000,1440000
2022-03-28,950000,1900000,869000,1860000,1460000,1440000
2022-03-29,951000,1900000,870000,1860000,1460000,1440000
2022-03-30,951000,1900000,870000,1860000,1460000,1440000
2022-03-31,952000,1900000,870000,1860000,1460000,1440000
2022-04-01,952000,1900000,870000,1860000,1460000,1440000
2022-04-02,952000,1900000,871000,1860000,1460000,1440000
2022-04-03,952000,1910000,871000,1870000,1460000,1440000
2022-04-04,953000,1910000,872000,1870000,1460000,1440000
2022-04-05,953000,1910000,872000,1870000,1460000,1440000
2022-04-06,954000,1910000,873000,1870000,1460000,1440000
2022-04-07,954000,1910000,873000,1870000,1460000,1440000
2022-04-08,954000,1910000,873000,1870000,1460000,1440000
2022-04-09,955000,1910000,873000,1870000,1470000,1440000
2022-04-10,955000,1910000,874000,1870000,1470000,1440000
2022-04-11,955000,1910000,874000,1880000,1470000,1440000
2022-04-12,955000,1910000,874000,1880000,1470000,1440000
2022-04-13,956000,1910000,874000,1880000,1470000,1440000
2022-04-14,956000,1910000,874000,1880000,1470000,1440000
2022-04-15,957000,1910000,874000,1880000,1470000,1440000
2022-04-16,957000,1910000,874000,1880000,1470000,1440000
2022-04-17,957000,1910000,874000,1880000,1470000,1440000
2022-04-18,958000,1920000,874000,1880000,1470000,1440000
2022-04-19,958000,1920000,875000,1880000,1470000,1440000
2022-04-20,958000,1920000,875000,1880000,1470000,1440000
2022-04-21,959000,1920000,875000,1880000,1470000,1440000
2022-04-22,959000,1920000,875000,1880000,1470000,1440000
2022-04-23,959000,1920000,875000,1880000,1470000,1440000
2022-04-24,960000,1920000,875000,1880000,1470000,1440000
2022-04-25,960000,1920000,875000,1880000,1480000,1440000
2022-04-26,960000,1920000,875000,1880000,1480000,1440000
2022-04-27,960000,1920000,875000,1890000,1480000,1440000
2022-04-28,960000,1920000,876000,1890000,1480000,1440000
2022-04-29,961000,1920000,876000,1900000,1480000,1440000
2022-04-30,961000,1920000,876000,1900000,1480000,1440000
2022-05-01,961000,1930000,876000,1900000,1480000,1440000
2022-05-02,961000,1930000,876000,1900000,1480000,1440000
2022-05-03,962000,1930000,876000,1900000,1480000,1440000
2022-05-04,962000,1930000,877000,1900000,1480000,1440000
2022-05-05,963000,1930000,877000,1910000,1480000,1440000
2022-05-06,963000,1930000,877000,1910000,1480000,1440000
2022-05-07,963000,1930000,878000,1910000,1480000,1440000
2022-05-08,963000,1930000,878000,1910000,1480000,1440000
2022-05-09,964000,1930000,878000,1910000,1480000,1440000
2022-05-10,964000,1930000,878000,1910000,1480000,1440000
2022-05-11,964000,1930000,878000,1910000,1480000,1440000
2022-05-12,965000,1930000,878000,1910000,1480000,1440000
2022-05-13,965000,1930000,879000,1910000,1490000,1440000
2022-05-14,966000,1930000,879000,1910000,1490000,1440000
2022-05-15,970000,1930000,880000,1910000,1490000,1440000
2022-05-16,971000,1930000,880000,1910000,1490000,1440000
2022-05-17,971000,1930000,880000,1910000,1490000,1440000
2022-05-18,971000,1930000,880000,1910000,1490000,1440000
2022-05-19,972000,1930000,881000,1920000,1490000,1440000
2022-05-20,972000,1930000,881000,1920000,1490000,1440000
2022-05-21,972000,1930000,881000,1920000,1490000,1440000
2022-05-22,973000,1940000,881000,1920000,1490000,1440000
2022-05-23,973000,1940000,881000,1920000,1490000,1440000
2022-05-24,973000,1940000,882000,1920000,1490000,1440000
2022-05-25,973000,1940000,882000,1920000,1490000,1440000
2022-05-26,973000,1940000,882000,1920000,1490000,1440000
2022-05-27,974000,1940000,882000,1920000,1490000,1440000
2022-05-28,974000,1940000,882000,1920000,1490000,1440000
2022-05-29,974000,1940000,882000,1920000,1490000,1440000
2022-05-30,974000,1940000,882000,1920000,1490000,1440000
2022-05-31,974000,1940000,882000,1920000,1490000,1440000
